Seq,xObs,yObs
1,1.51195238,6.679146652
2,1.390323703,6.276463973
3,1.446029045,6.643643579
4,1.517563837,6.783583124
5,1.495326051,6.582628654
6,1.483576759,6.755442251
7,1.563969309,6.357515238
8,1.3978555,6.821143599
9,1.425482374,7.495265172
10,1.651665826,7.611175993
11,1.534926708,7.769427263
12,1.412444689,7.835496155
13,1.521512405,7.756996842
14,1.549516053,8.092156696
15,1.464240417,8.287158741
16,1.659216683,7.248034216
17,1.878030884,7.592628004
18,1.964179218,4.433283208
19,1.762668432,6.418644717
20,1.776231967,6.430085536
21,1.628496239,7.00392747
22,1.523811012,6.543852077
23,1.625423022,6.661381238
24,1.667633053,7.275919186
25,1.718720454,7.159678764
26,1.46867287,6.978825116
27,1.758124,6.551641016
28,1.71464282,7.037684278
29,1.67660371,6.889194438
30,1.816039647,7.037044834
31,1.225153052,6.06069303
32,1.552739515,7.292873234
33,1.796106901,7.162611256
34,1.251399217,5.83669427
35,1.492648653,7.891070903
36,1.511621646,6.699179054
37,1.439444337,6.282117477
38,1.496662955,6.255557529
39,1.377679208,6.300079365
40,1.486606875,6.33845407
41,1.773978579,7.741705239
42,1.607793519,7.926285385
43,1.525450753,8.337205767
44,1.549516053,7.79012195
45,1.498332406,7.982167625
46,1.508641773,5.994497477
47,1.367113748,6.091305279
48,1.010940156,5.146357935
49,0.858487041,4.904385792
50,0.871779789,4.991893428
51,1.61245155,7.940088161
52,1.711432149,8.423122936
53,1.362350909,7.848057084
54,1.441180072,7.771808026
55,0.891627725,6.42744117
56,1.790251379,7.792239729
57,1.821812285,7.725542052
58,2.023363536,7.74480471
59,1.839836949,7.630858405
60,1.817965896,7.506197439
61,1.221474519,7.582084146
62,1.512613632,7.389248947
63,1.550806242,6.737432745
64,1.392479802,7.138137012
65,1.260555433,7.252309977
66,1.287633488,6.752703162
67,1.389244399,6.217797038
68,1.191637529,6.215947233
69,1.351295675,6.846531969
70,1.574801575,6.958735517
71,1.353513945,7.205761584
72,1.081203034,5.703595357
73,1.479188967,7.263194889
74,1.48526092,7.188462979
75,1.354990775,7.204790073
76,1.264120247,7.487055496
77,1.369671493,7.320724008
78,1.397139936,7.193191225
79,1.262537128,7.530869804
80,1.320984481,7.517246836
81,1.570031847,6.93844363
82,1.417744688,6.825686779
83,1.36821051,7.149685308
84,1.253794241,6.24899992
85,1.630337388,5.928068826
86,1.384196518,6.732830014
87,1.268463638,6.738249031
88,1.302689526,6.766830868
89,1.218195387,7.201319324
90,1.094074952,7.086465974
91,2.007735042,7.872039126
92,1.664331698,7.26739293
93,1.728872465,7.985111145
94,1.853645058,8.041579447
95,1.699117418,8.311618374
96,1.56556699,6.814103022
97,1.328156617,6.968357052
98,1.549516053,7.165054082
99,1.460479373,7.108023635
100,1.46355731,7.465855611
101,1.622035758,7.520771237
102,1.849053812,7.36091027
103,1.762668432,7.193886293
104,1.309580085,6.617552418
105,1.857148352,7.109500686
106,1.538830725,7.710641997
107,1.37113092,8.078737525
108,1.467991826,7.571657678
109,1.250599856,7.540424391
110,1.54337293,7.626598193
111,1.556920036,7.665181015
112,1.606860293,7.756352235
113,1.261348485,7.252034197
114,1.623576299,5.873159286
115,1.636459593,6.769268794
116,1.441873781,7.7860131
117,1.47817455,7.508595075
118,1.457394936,7.392631467
119,1.586505594,7.863777718
120,1.582719179,7.817736245
121,1.161464593,7.398648525
122,1.380579588,7.339891007
123,1.158015544,7.422263806
124,1.31072499,7.320724008
125,1.315674732,6.993997426
126,1.369306394,8.287038072
127,1.31605471,8.230613586
128,1.297304899,7.603683318
129,1.20706255,8.475907031
130,1.094074952,8.016171156
131,1.428985654,7.141708479
132,1.473431369,7.367631913
133,1.277888884,7.277156038
134,1.460479373,7.278530071
135,1.357571361,7.140028011
136,1.225153052,6.386078609
137,1.136221809,4.661008475
138,1.264515718,6.244517595
139,1.196662024,6.308486348
140,1.346105494,6.332298161
141,1.376226726,6.968285298
142,1.218195387,6.923655104
143,1.194571053,6.623971618
144,1.374045123,7.096407542
145,1.163185282,7.152621897
146,1.526761278,7.153880066
147,1.372224471,7.377262365
148,1.353513945,6.352479831
149,1.089954127,6.785425558
150,1.404635184,6.874299964
151,1.42126704,7.220041551
152,1.410673598,7.104294476
153,1.48526092,6.447712773
154,1.637986569,7.143038569
155,1.502331521,7.379769644
156,1.261348485,6.72599435
157,1.304607221,6.194513702
158,1.245391505,5.401296141
159,1.476482306,5.988321969
160,1.363084737,7.178648898
161,1.088577053,6.856238036
162,1.529378959,7.647875522
163,1.194571053,6.590826959
164,1.742412121,8.205303163
165,1.718429516,8.054315613
166,1.143678276,7.354114495
167,1.187434209,7.002927959
168,1.224336555,6.861340977
169,1.23247718,7.284160899
170,1.204159458,7.238715356
171,1.659216683,7.604472368
172,1.28724512,5.949537797
173,1.575753788,7.367428317
174,1.554027027,7.107038764
175,1.627267649,7.388301564
176,1.438054241,5.160717004
177,1.357203006,5.328602068
178,1.261348485,5.83575188
179,1.144115379,5.931525942
180,1.496328841,5.579784942
181,1.126942767,6.739510368
182,1.33041347,6.549122079
183,1.324009063,6.388896618
184,1.326272973,6.536818798
185,1.278671185,6.406637183
186,1.56332978,7.214429984
187,1.065833008,5.463332316
188,0.702851336,5.501454353
189,1.707629936,6.847043157
190,1.534275073,6.823928487
191,1.19707978,7.181712888
192,1.339402852,7.577334624
193,1.235718415,7.13063812
194,0.991967741,6.658152897
195,1.245391505,6.891951828
196,1.37658999,6.583767918
197,1.228006515,6.869061071
198,1.306139349,6.82297589
199,1.234908904,6.743663693
200,1.343130671,6.540030581
201,1.589024858,7.277430865
202,1.591540135,7.456876021
203,1.398213145,6.71602561
204,1.594365077,6.605527988
205,1.414920492,6.026939522
206,1.677200048,7.337097519
207,1.616477652,7.410600515
208,1.864939677,8.036106022
209,1.221474519,5.364699432
210,1.683151805,7.763439959
211,1.452928078,7.656108672
212,0.944986772,5.353223328
213,1.384196518,7.632758348
214,1.424780685,7.393172526
215,1.39140217,7.393240156
216,1.449137675,7.179763227
217,1.443260198,7.220457049
218,1.406769349,6.99428338
219,1.30690474,7.143318557
220,1.55627761,7.752354481
221,1.426183719,7.100985847
222,1.317952958,6.348936919
223,1.104536102,5.252903959
224,1.448447445,6.803234525
225,1.151520734,6.744553358
226,1.368575902,6.551793648
227,1.463898904,6.368123743
228,1.366016105,6.552938272
229,1.125610945,5.446925738
230,1.464923206,6.575940997
231,1.430034965,6.407089823
232,1.261744824,6.609538562
233,1.352035502,6.611656373
234,1.319848476,5.255283056
235,1.391042774,7.303150005
236,1.60530371,6.631440266
237,1.24498996,5.421254467
238,1.66403125,6.273037542
239,1.461848145,7.306230218
240,1.64377614,6.630384604
241,1.334166406,6.732681487
242,1.467991826,7.248930956
243,1.285690476,7.297602346
244,1.403923075,7.043720608
245,1.578290214,6.875318174
246,1.350185172,7.371092185
247,1.302689526,7.42872802
248,1.382389236,7.433168907
249,1.347219359,7.357920902
250,1.329285522,7.965236971
251,1.300769003,5.690694158
252,1.508641773,5.76680154
253,1.268463638,5.91109127
254,1.301537552,5.659416931
255,1.165332571,5.668509504
256,1.590282994,6.164414003
257,1.268463638,5.956173268
258,1.359411637,5.688145568
259,0.941806774,4.49310583
260,1.45361618,5.350046729
261,1.314914446,7.006282895
262,1.203744159,6.738323234
263,1.079351657,6.122826145
264,1.377679208,6.546678547
265,1.354990775,6.228643512
266,1.518881167,7.506663706
267,1.333041635,6.874736359
268,0.669328021,5.514254256
269,1.328156617,5.890415945
270,1.250199984,6.968500556
271,1.570668647,4.3259681
272,1.576705426,3.480229877
273,1.083051245,3.544291184
274,1.083512806,3.937638886
275,1.408190328,4.090843434
276,1.374772708,6.668508079
277,1.311106403,6.346731442
278,1.207890724,5.845511098
279,1.496662955,5.496817261
280,1.511621646,6.179644003
281,1.395349419,8.03324343
282,1.140175425,7.586237539
283,1.313773192,7.318811379
284,1.223519514,7.258167813
285,1.311487705,8.00918223
286,1.320605922,6.783288288
287,1.63370744,6.965127422
288,1.428985654,6.379576788
289,1.343874994,7.731946715
290,1.27514705,6.681466905
291,1.479188967,6.407105431
292,1.281015222,5.462233975
293,1.56140962,5.760381932
294,1.394274005,6.058712735
295,1.660421633,5.790509477
296,1.441873781,6.172519745
297,1.359043781,6.051776599
298,1.427235089,6.31110133
299,1.497330959,6.106881364
300,1.445683229,7.048120317
301,1.218605761,7.57627877
302,1.202081528,7.162192402
303,1.331164903,7.52210077
304,1.261744824,7.248034216
305,0.773950903,6.4996923
306,1.186170308,4.552142353
307,1.503662196,4.695103833
308,1.386362146,5.911683347
309,1.619567844,5.515886148
310,1.462532051,5.762204439
311,1.104988688,5.832923795
312,1.14629839,5.204805472
313,1.241370211,5.868134286
314,0.702139587,4.722816956
315,1.333041635,5.16962281
316,0.782304289,4.957116097
317,1.29614814,7.635378183
318,1.332291259,7.803268546
319,1.243382483,7.463243263
320,1.546285873,8.166333327
321,1.697645428,7.527217281
322,1.428285686,7.474623736
323,1.586820721,7.462171266
324,1.591540135,7.01819065
325,1.844993225,7.514186583
326,1.609347694,7.740671805
327,1.345734,7.502799478
328,0.994987437,5.65667747
329,1.194152419,7.704089823
330,1.156719499,6.403592742
331,1.459109317,6.806540972
332,1.119821414,6.449185995
333,1.337535046,7.489192213
334,1.366016105,7.223087982
335,1.338656042,7.488724858
336,1.481553239,7.619448799
337,1.223519514,5.538501602
338,1.1,5.479051013
339,1.590282994,7.352890588
340,1.003493896,4.973228328
341,1.566205606,7.082584274
342,1.484587485,7.124394711
343,1.670329309,6.509838708
344,0.809938269,5.594640292
345,1.132254388,6.194755847
346,1.46116392,7.395268758
347,1.383112432,6.005247705
348,1.450861813,7.80461402
349,1.433178286,7.745708489
350,1.438401891,7.861361205
351,1.288409873,5.737421023
352,1.664632091,7.466190461
353,1.009455299,5.988154975
354,0.85498538,5.484432514
355,1.56556699,7.3108823
356,1.592796283,7.018618098
357,1.36784502,6.852444819
358,1.610279479,6.398202873
359,1.058772875,5.543194025
360,1.992234926,7.261955659
361,1.435618334,7.377262365
362,1.24739729,7.317239917
363,0.935414347,6.181747326
364,1.404279175,7.355270219
365,1.311487705,7.527416555
366,1.356097342,6.995498553
367,1.349073756,6.964553108
368,1.415980226,7.050815556
369,1.424780685,7.035055082
370,0.899444273,5.339662911
371,1.1823705,4.777656329
372,0.91214034,5.017768428
373,1.648029126,5.783338136
374,1.648939053,6.346416312
375,1.099545361,4.572526654
376,1.190378091,5.149854367
377,1.110855526,5.02533581
378,0.945515732,4.946918233
379,1.015381702,5.179768335
380,1.27984374,5.280719648
381,1.099545361,5.936581508
382,1.629417074,8.187795796
383,1.039230485,6.031915119
384,1.021273715,6.438012116
385,1.52118375,7.530073041
386,1.404635184,7.10168994
387,0.504975247,5.180057915
388,1.355728586,7.017335677
389,1.197914855,6.554616694
390,1.397139936,8.013114251
391,1.317193987,6.207012164
392,1.421970464,5.922499472
393,1.357571361,5.994580886
394,1.105441088,5.900593191
395,1.038749248,5.93818154
396,1.15974135,7.312181617
397,1.234503949,6.763209297
398,1.274754878,5.133809502
399,0.734846923,7.017691928
400,1.046422477,6.105571226
401,1.09772492,5.164106893
402,1.092245394,5.546710737
403,1.489966443,7.273994776
404,1.518881167,7.433908797
405,1.395349419,6.97875347
406,1.444299138,5.128547553
407,1.010445446,4.785707889
408,1.281015222,5.298490351
409,0.979285454,5.846195344
410,1.005484958,4.734553833
411,1.215318888,5.36441982
412,1.270039369,4.968601413
413,1.502664301,4.892851929
414,0.912688337,4.648333035
415,1.233288287,5.060928769
416,1.205819224,4.036706578
417,1.576705426,4.81601495
418,1.415980226,4.668832831
419,0.736885337,4.252646235
420,1.14629839,4.341658669
421,1.119821414,6.234340382
422,1.17686023,6.302142493
423,1.116691542,6.058712735
424,1.114001795,5.036467016
425,1.15974135,6.37746031
426,0.991967741,5.899745757
427,0.915423399,6.208623036
428,0.883742044,6.198951524
429,1.18025421,6.239871794
430,1.143678276,6.613849106
431,0.785493475,6.952337736
432,1.173882447,6.87786304
433,1.162325256,7.046701356
434,0.403732585,5.715505227
435,1.208304597,6.815937206
436,1.458423807,7.192078976
437,1.505656003,6.707905783
438,1.433875866,5.290746639
439,1.651665826,6.5520989
440,1.555634919,5.890925224
441,1.315294644,6.961752653
442,1.043072385,4.55905692
443,1.166619047,4.621904369
444,1.293445012,6.199677411
445,1.139298029,6.208461967
446,0.980815987,5.157324888
447,1.483576759,6.62283927
448,1.273577638,6.299682532
449,1.217784874,4.949242366
450,1.545315502,7.349965986
451,1.011928851,5.456189146
452,1.234503949,6.972230633
453,1.472412986,7.818567644
454,1.102270384,6.261150054
455,1.407480018,8.217116282
456,1.022252415,5.340786459
457,0.909395404,5.256709998
458,1.02859127,6.062095347
459,1.090412766,5.876053097
460,1.628496239,7.458015822
461,1.421970464,6.136855873
462,1.346105494,6.022956085
463,1.253395389,6.035561283
464,1.357939616,5.249285666
465,1.564928113,6.051198228
466,1.516245363,6.347755509
467,1.228820573,5.47640393
468,1.462190138,5.779100276
469,1.240967365,5.515251581
470,1.435966573,6.098114463
471,1.317573527,5.962465933
472,1.523811012,8.268252536
473,1.623884232,6.854852296
474,1.005484958,5.324283989
475,1.099545361,5.897541861
476,1.023230179,6.143695956
477,1.129158979,6.413501384
478,1.052140675,6.157272123
479,1.366747965,6.288561044
480,1.092245394,6.482746332
481,1.252597302,5.892028513
482,1.363084737,6.009991681
483,1.126942767,5.906267857
484,0.801249025,5.505361024
485,1.344247001,6.156622451
486,1.359411637,6.830958937
487,1.357939616,5.427246079
488,1.189537725,6.889049281
489,1.367113748,6.808670942
490,1.189537725,6.643041472
491,1.000499875,4.35580073
492,1.1823705,4.817572003
493,1.622343983,5.949201627
494,1.577339532,6.130334412
495,1.402497772,5.280435588
496,1.505656003,5.007394532
497,1.316814338,5.022250492
498,0.95760117,4.676430262
499,0.805605362,4.46295866
500,1.106345335,4.401363425
501,1.359779394,5.068037095
502,0.969020124,4.753104249
503,0.91214034,3.697972417
504,0.816088231,3.64280112
505,0.984377976,4.313235445
506,1.6486358,8.146533005
507,1.089495296,6.619441064
508,1.221474519,7.110344577
509,1.098180313,6.503306851
510,1.588395417,8.209933008
511,1.263724654,5.987152913
512,1.112205017,5.698245344
513,1.096357606,6.153698075
514,1.199166377,5.312344115
515,1.013410085,5.949537797
516,1.229634092,6.637620055
517,1.226784415,6.288879073
518,1.280624847,6.67143163
519,0.939680797,6.646201923
520,1.336038922,6.781002876
521,1.168332145,6.697536861
522,1.293445012,6.401249878
523,1.178982612,6.679670651
524,1.258173279,6.274551777
525,1.288409873,6.800147057
526,1.151520734,6.551030453
527,2.000249984,6.359323863
528,1.158878768,4.794475988
529,1.320984481,5.907791466
530,1.371495534,5.736026499
531,0.864869932,4.274809937
532,0.9,4.150060241
533,0.780384521,4.150542133
534,0.850294067,4.060541836
535,0.678969808,4.18592881
536,1.304223907,6.131394621
537,1.019313494,5.623966572
538,0.986914383,6.31585307
539,1.302305648,6.09237228
540,1.241370211,5.859607495
541,0.771362431,4.197618372
542,1.405346932,6.019966777
543,1.179830496,5.634358881
544,1.536879956,5.774253198
545,0.831865374,3.366600659
546,1.359411637,7.475493295
547,1.359779394,7.769555972
548,1.204989627,7.06689465
549,1.40605832,7.304656049
550,1.060660172,6.748777667
551,1.054514106,5.944409138
552,1.269251748,6.051859218
553,1.249399856,5.878860434
554,1.197914855,6.178349294
555,1.055935604,5.928490533
556,1.346476884,6.123561055
557,1.092245394,5.123572972
558,1.097269338,5.461867812
559,1.250199984,5.413594
560,1.120714058,6.273675159
561,1.153689733,6.53345238
562,1.280624847,5.839349279
563,0.858487041,4.386912354
564,1.035857133,3.828576759
565,1.20664825,5.5156142
566,1.012916581,4.124075654
567,0.925742945,4.014349262
568,0.533853913,4.473030293
569,1.016857906,3.970138537
570,0.85322916,4.063003815
571,1.10408333,4.046109242
572,1.155854662,4.147047142
573,1.063954886,3.90230701
574,0.906642157,4.088398219
575,0.906642157,4.419275959
576,0.953414915,6.227439281
577,0.983361582,5.98473057
578,0.613188389,5.931020148
579,0.879204186,6.184658438
580,1.363451503,7.745385723
581,0.985900604,5.142081291
582,0.964365076,5.154415583
583,0.948683298,4.855615306
584,0.990959131,5.192783454
585,1.302689526,6.750555533
586,0.94127573,5.862337418
587,1.16747591,6.107045112
588,1.053565375,5.470374759
589,1.126055061,5.803705713
590,1.740114939,7.745514831
591,1.330037593,5.856022541
592,1.266491216,5.300188676
593,1.104988688,4.609880693
594,1.179830496,5.13838496
595,1.118481113,5.087337221
596,1.220655562,4.815599651
597,1.392479802,5.803705713
598,1.270432997,5.804653306
599,1.343130671,5.913797426
600,1.356465997,5.741254218
601,1.128716085,6.731715977
602,1.027131929,5.239179325
603,0.593295879,5.84260216
604,0.975704873,6.272080994
605,1.054514106,6.211521553
606,1.078424777,5.719440532
607,1.118033989,5.834123756
608,0.794355084,5.199134543
609,1.141490254,5.489171158
610,1.449827576,6.822609471
611,1.060660172,5.279867423
612,1.032956921,4.902244384
613,0.874642784,4.762877282
614,1.077961038,5.008991915
615,0.820365772,5.045889416
616,0.798122798,4.588572763
617,0.942337519,4.153432316
618,1.329285522,5.777023455
619,0.746993976,3.83588321
620,0.844393273,4.336127304
621,0.916515139,5.904743856
622,1.151520734,5.365817738
623,1.086278049,5.936749953
624,1.027618606,5.361622889
625,0.923038461,5.10597689
626,1.016857906,4.785498929
627,1.080740487,5.50590592
628,0.85732141,4.803540361
629,1.150651989,5.600892786
630,0.884872872,4.736559933
631,0.681175455,3.00499584
632,1.392120684,5.579516108
633,0.856738,3.813921866
634,0.883176087,4.179473651
635,1.411382301,5.204132973
636,0.81670068,4.964574503
637,0.986914383,5.408881585
638,0.743639698,4.703084095
639,0.897217922,5.89499788
640,0.97313925,5.934981045
641,1.072380529,5.937760521
642,1.46013698,6.885056282
643,1.075639345,5.876223277
644,1.082589488,5.957851962
645,1.105893304,5.922499472
646,1.081203034,4.579628806
647,1.126499001,4.374814282
648,1.204159458,4.32388714
649,1.189537725,4.452415075
650,1.206233808,4.583448483
651,1.489295135,6.778421645
652,1.090871211,6.16060062
653,0.986914383,5.541570175
654,0.836062199,5.607494984
655,1.054988152,6.434438592
656,0.721803297,5.005696755
657,1.1340194,5.252903959
658,0.996493853,5.060434764
659,0.774596669,4.454884959
660,0.994484791,4.181148168
661,1.190798052,3.989110176
662,1.202081528,4.146323673
663,1.378767566,4.511873225
664,1.122942563,3.801841659
665,1.426183719,4.101097414
666,0.749666593,6.313794422
667,0.85322916,5.276930926
668,0.847348807,6.23818884
669,0.875214259,5.65791481
670,0.93059121,5.421438923
671,1.076104084,5.555357774
672,0.920326029,5.962465933
673,0.98285299,6.120620884
674,0.986914383,6.289197087
675,0.932201695,6.335929293
676,0.692820323,3.166070119
677,0.995991968,3.726123991
678,1.009950494,3.344248795
679,0.905538514,3.910626548
680,0.599166087,2.703331278
681,0.852056336,3.601666281
682,0.682641927,3.821910517
683,0.978263768,3.751666296
684,0.890505474,3.534402354
685,0.977752525,3.613031968
686,1.368941197,6.436924732
687,1.407835218,6.268093809
688,0.930053762,5.797068225
689,1.170897092,4.972725611
690,0.909945053,6.162142485
691,0.95131488,3.72424489
692,0.981325634,3.87440318
693,0.889381808,3.714296703
694,0.966436754,3.959040288
695,1.126942767,4.708715324
696,0.81731267,3.663468302
697,0.916515139,3.580921669
698,0.570087713,4.053516991
699,0.845576726,4.00562105
700,0.802496106,4.313235445
701,1.056409012,5.682253074
702,1.26015872,6.276065647
703,1.125610945,5.865662793
704,1.351665639,6.107700058
705,1.042592922,5.830437376
706,0.671565336,3.360208327
707,0.85732141,3.375648086
708,0.985900604,3.242221461
709,0.795612971,3.23434692
710,0.897775027,3.230789377
711,1.098635517,4.852525116
712,1.045466403,5.336290847
713,0.889943818,3.775314556
714,1.030533842,4.151505751
715,1.03247276,5.298584717
716,1.61369142,5.662331675
717,1.545639026,5.453164219
718,1.617096163,5.920810755
719,1.516575089,5.764546817
720,1.712016355,5.7267792
721,1.292284798,6.137833494
722,1.328156617,5.921655174
723,1.317952958,5.4597619
724,1.237739876,5.371964259
725,1.29614814,5.673711307
726,1.426534262,6.687450934
727,1.516575089,6.448022953
728,1.583666632,6.532457424
729,1.570031847,6.473870558
730,1.515585695,6.830739345
731,1.404635184,6.154510541
732,1.237739876,5.293958821
733,1.347961424,5.883111422
734,1.116243701,5.861740356
735,1.389244399,6.294759725
736,1.267280553,5.265833267
737,1.21449578,5.338913747
738,1.186591758,4.505330177
739,1.065363788,5.287721627
740,1.20706255,4.743100252
741,1.418802312,8.112213015
742,1.690266251,8.172514913
743,1.347219359,7.959585416
744,1.543696861,7.918838299
745,1.636765102,8.132342836
746,1.118928058,6.947157692
747,1.58965405,7.034699709
748,1.427235089,6.881278951
749,1.10408333,6.637544727
750,1.427935573,6.940028818
751,1.323631369,7.465855611
752,1.234503949,7.656239286
753,1.161895004,7.4018241
754,1.208304597,7.268768809
755,1.191637529,7.243824956
756,1.536879956,8.338764897
757,1.570986951,8.518802733
758,1.218605761,7.326049413
759,1.372224471,7.097816566
760,1.431782106,8.027016881
761,1.630030675,7.54075593
762,0.876356092,5.489080069
763,1.342013413,7.227032586
764,1.314914446,7.165123865
765,1.395707706,7.656435202
766,1.199583261,7.348945503
767,0.890505474,5.271811833
768,1.359779394,7.03320695
769,1.391042774,5.681549085
770,1.27984374,6.978681824
771,1.156719499,7.115686896
772,1.483576759,6.913248151
773,1.20706255,7.113297407
774,1.149347641,6.717142249
775,1.160172401,7.124394711
776,1.239758041,6.733201319
777,1.151520734,6.503845017
778,1.206233808,6.287527336
779,1.165332571,6.063249954
780,1.1296017,6.624650934
781,1.190378091,6.106635735
782,1.263328936,6.252439524
783,1.131812705,5.602945654
784,1.271219887,5.910499133
785,1.351665639,6.594619019
786,1.18025421,6.19289916
787,1.124277546,5.736810961
788,1.322497637,5.885915392
789,1.277888884,6.06440434
790,1.176010204,6.044170745
791,1.585244461,5.391382012
792,1.537530488,5.124353618
793,1.368575902,5.201730481
794,1.471054044,5.352008969
795,0.949210198,4.085339643
796,1.368941197,8.784987194
797,1.365283853,8.283900048
798,1.433527119,8.12600763
799,1.383112432,8.195059487
800,1.387083271,8.228669394
801,1.188696765,8.05059004
802,1.237335848,7.830134098
803,1.20913192,7.897847808
804,1.279062156,8.26625671
805,1.202913131,7.76762512
806,1.228820573,5.644554898
807,1.505656003,6.018554644
808,1.533949152,6.073055244
809,1.405702671,6.201290188
810,1.304223907,6.078239877
811,1.383112432,8.095121988
812,0.562138773,3.286791749
813,1.411027994,7.899746831
814,0.394968353,3.857201058
815,1.47444905,7.861870007
816,1.449137675,7.005569213
817,1.398928161,7.193538768
818,1.362717872,7.515450752
819,1.468332387,7.125798201
820,1.271219887,6.643869355
821,1.15974135,5.704997809
822,0.762889245,4.429334036
823,0.956033472,5.039742057
824,1.190798052,5.536334527
825,1.235718415,6.08999179
826,0.960208311,5.18912324
827,1.173030264,4.842623256
828,1.190378091,5.071291749
829,0.819145897,5.05944661
830,1.094074952,4.855100411
831,1.265701387,7.191800887
832,1.338282481,7.248034216
833,1.207476708,7.061302996
834,1.303456942,6.857696406
835,1.341268057,7.491928991
836,1.19749739,6.45886987
837,1.028105053,6.438944013
838,0.985900604,6.230810541
839,1.037304198,6.383964286
840,0.943927963,6.372362199
841,1.337535046,8.04356886
842,1.333041635,8.065977932
843,1.177709642,7.932149772
844,0.997997996,6.177863708
845,1.23247718,8.018852786
846,1.186591758,7.623975341
847,1.105441088,7.945753583
848,1.113103769,8.180464534
849,0.990959131,6.654547317
850,1.147170432,8.275264346
851,1.263328936,7.110625851
852,1.233288287,6.561554694
853,1.25499004,7.4610321
854,1.324009063,6.58528663
855,1.294217911,6.733201319
856,1.372588795,6.534600217
857,1.307669683,6.822829325
858,1.390323703,6.430863084
859,1.207890724,6.574420127
860,1.177709642,6.467456996
861,1.248198702,7.913659078
862,0.938616002,6.301269713
863,0.933809402,6.033075501
864,0.893308457,7.378211165
865,1.444299138,8.091785959
866,1.343130671,5.596248744
867,1.19498954,5.034580419
868,1.059245014,4.993696026
869,1.096357606,5.482882454
870,1.281015222,5.556437708
871,1.244588285,6.339163983
872,1.334915728,6.269369984
873,1.141490254,5.737421023
874,1.281015222,5.534437641
875,1.356097342,5.733846876
876,1.303840481,6.028930253
877,1.369671493,5.322499413
878,1.677498137,6.216268977
879,1.49231364,6.117352368
880,1.484250653,5.856193303
881,1.244186481,6.428919038
882,1.29305839,6.152722974
883,1.175584961,6.36254666
884,1.360882067,6.316802989
885,0.883176087,5.668685915
886,1.350925609,5.023146424
887,1.236527396,5.103332245
888,1.464923206,4.98998998
889,1.531012737,5.19644109
890,1.42968528,5.21440313
891,1.18448301,6.243396512
892,1.250599856,5.942894917
893,1.294990347,5.721625643
894,0.888819442,5.758819323
895,1.260555433,5.865321816
896,1.245391505,6.650639067
897,1.124277546,6.584982916
898,1.238547536,6.631968034
899,1.071447619,6.842075708
900,0.999499875,6.245958693
901,1.229634092,7.156256004
902,1.026157883,6.902318451
903,1.020294075,7.137506567
904,1.141490254,7.145628034
905,1.186170308,7.338051512
906,1.225561096,7.51598297
907,1.258570618,7.222464953
908,0.932737905,5.952478475
909,1.438401891,7.716864648
910,1.158878768,7.88435159
911,1.055935604,6.961537187
912,0.627694193,6.95068342
913,0.862554346,5.212676856
914,0.994987437,7.251206796
915,1.129158979,6.887234568
916,1.267280553,6.871462726
917,1.101816682,6.329770928
918,1.098635517,6.469080306
919,1.023718711,6.250679963
920,1.252996409,6.339163983
921,1.003992032,5.755432217
922,1.189957982,5.963975184
923,1.108602724,5.729223333
924,1.274362586,5.688848741
925,1.283354978,5.747173218
926,1.649545392,6.694624709
927,1.630644045,5.691836259
928,1.538505769,5.996915874
929,1.516575089,5.902541825
930,1.679880948,6.392104505
931,1.031018914,5.187099382
932,1.236527396,4.645535491
933,1.221474519,5.187774089
934,0.870057469,4.972725611
935,1.308051987,4.859526726
936,1.122942563,6.101229384
937,1.15974135,5.72730303
938,1.248599215,6.172843753
939,1.313011805,6.35460463
940,1.181101181,6.050619803
941,1.484250653,6.832569063
942,1.233693641,5.309613922
943,1.569076161,6.894998187
944,1.389244399,5.808528213
945,1.483576759,6.927120614
946,1.261744824,5.702630972
947,1.077961038,5.902202979
948,1.062544117,5.772954183
949,0.869482605,5.072573311
950,1.251798706,5.498908983
951,1.071447619,6.105161751
952,1.084896308,6.291820086
953,0.989444288,6.3903834
954,1.022741414,6.561783294
955,1.26015872,6.575788926
956,1.108602724,4.471465084
957,1.207890724,4.621688003
958,1.163615057,4.521725334
959,0.991967741,4.991592932
960,0.876926451,4.333243589
961,1.264120247,5.051732376
962,1.237739876,5.019063658
963,1.083512806,4.630766675
964,0.799374756,3.836274234
965,1.151520734,4.83745801
966,1.190378091,5.831723587
967,1.005484958,6.05879526
968,1.031988372,5.673711307
969,1.1027239,6.149715441
970,1.040672859,5.949621837
971,1.272006289,7.714207672
972,1.428285686,7.334848328
973,0.731436942,5.50799419
974,0.94127573,5.125914553
975,0.527257053,4.897652499
976,1.300769003,5.341067309
977,1.148041811,5.115564485
978,1.18025421,5.509990926
979,1.264911064,5.452338948
980,1.148912529,5.703858343
981,0.945515732,4.935281147
982,1.135341358,4.728424685
983,0.728697468,5.169912959
984,1.094988584,4.97634404
985,1.00895986,4.993395638
986,1.047854952,6.994426352
987,0.923038461,5.265548404
988,1.056882207,7.299726022
989,1.179830496,7.388233889
990,0.840238062,6.136367003
991,1.054988152,5.645883456
992,1.10408333,5.02782259
993,1.254591567,5.3294465
994,1.4,6.52755697
995,1.246194206,5.395183037
996,1.19749739,5.029314069
997,0.993981891,4.956107343
998,0.879772698,4.868161871
999,1.017349497,5.026828026
1000,0.902773504,5.143345215
1001,0.834266145,3.888187238
1002,1.104536102,4.772525537
1003,1.335664629,4.61421716
1004,1.339029499,5.473572873
1005,1.085357084,5.770701864
1006,0.88656641,6.062425257
1007,0.81178815,5.004697793
1008,0.942867965,5.957768038
1009,1.001498877,6.612110102
1010,0.926822529,6.560106706
1011,0.788669766,6.140439724
1012,0.960208311,5.766194586
1013,0.946044396,5.470374759
1014,1.053565375,5.557967254
1015,1.019313494,5.872137601
1016,1.503662196,5.539945848
1017,1.202497401,5.619163639
1018,1.147606204,5.526300752
1019,1.239354671,5.168075077
1020,1.228820573,5.40120357
1021,0.997997996,5.321935738
1022,1.192895637,5.295564181
1023,0.962288938,4.886409725
1024,1.00697567,5.180830049
1025,1.450861813,6.780634189
1026,1.196244122,6.728001189
1027,1.210371844,5.804481028
1028,1.168760027,5.956928739
1029,1.104536102,6.033904209
1030,1.46013698,7.414984828
1031,1.150217371,5.235933537
1032,1.094074952,4.635946505
1033,1.086278049,4.882929449
1034,0.966436754,5.766974944
1035,0.921954446,5.399166602
1036,1.017840852,4.86507965
1037,1.102270384,4.831045436
1038,1.101816682,4.892136548
1039,1.036822068,4.360389891
1040,1.059245014,4.612483062
1041,1.501332741,5.0810432
1042,1.689674525,4.973027247
1043,1.451550895,4.932139495
1044,1.428985654,4.989288526
1045,1.603121954,4.277849927
1046,0.926822529,5.542923416
1047,0.970566845,5.217662312
1048,1.3,7.059178422
1049,1.033440855,5.339850185
1050,0.678232998,5.081928768
1051,1.049761878,4.748368141
1052,1.109954954,4.714551941
1053,1.2292274,5.113609293
1054,1.281015222,4.89366938
1055,0.955510335,4.793120069
1056,1.034891299,5.246808554
1057,1.004987562,4.641443741
1058,1.125610945,5.330103188
1059,1.050238068,5.183820985
1060,1.237335848,4.954593828
1061,1.148477253,6.181019333
1062,1.188276062,5.811626278
1063,1.351295675,6.623216741
1064,1.183215957,5.782473519
1065,1.090412766,5.847820107
1066,0.967987603,4.751736525
1067,1.342385936,6.169197679
1068,1.059245014,4.890296515
1069,1.155422001,6.602650983
1070,0.958644877,4.356604182
1071,0.931128348,6.562697616
1072,1.024695077,6.327242685
1073,0.843208159,6.103032033
1074,0.905538514,6.512142505
1075,0.874642784,6.236986452
1076,1.758976975,5.323720504
1077,1.944736486,5.688585061
1078,2.020148509,5.772261255
1079,1.620493752,5.930092748
1080,2.076535576,5.189412298
1081,1.070980859,5.038650613
1082,1.368575902,5.325410782
1083,1.448102206,6.049132169
1084,1.202913131,5.734544446
1085,0.948156105,4.383947992
1086,0.763544367,3.860569906
1087,1.059716943,4.720487263
1088,0.844393273,4.331397003
1089,1.151086443,4.198094806
1090,1.1340194,4.8384915
1091,0.905538514,5.646060574
1092,0.671565336,6.126744649
1093,1.203744159,6.712227648
1094,0.876356092,6.054172115
1095,1.1296017,7.682382443
1096,0.832466216,4.43407262
1097,0.950263121,4.406926367
1098,0.845576726,4.355571145
1099,0.798122798,4.348447999
1100,0.882609767,4.350517211
1101,1.058300524,4.581157059
1102,1.04019229,5.167784825
1103,1.185748709,4.848195541
1104,0.791833316,4.653493311
1105,0.738918128,4.123590668
1106,1.050238068,7.22710177
1107,0.989444288,6.235062149
1108,0.758287544,5.606870785
1109,0.748331477,5.818504963
1110,1.368575902,6.292217415
1111,0.669328021,5.308107007
1112,0.749666593,5.019362509
1113,0.582237065,5.364513025
1114,0.986914383,6.041026403
1115,0.635609943,4.920060975
1116,0.932201695,4.926357681
1117,1.081665383,4.469899328
1118,0.78166489,4.59118721
1119,0.918150314,4.424364361
1120,1.063014581,4.626553793
1121,1.365283853,7.188532535
1122,0.984377976,5.583636808
1123,0.960208311,4.975037688
1124,1.139736812,5.736113667
1125,1.031018914,5.561564528
1126,1.014889157,5.252999143
1127,0.94127573,4.411349
1128,1.001998004,4.923311893
1129,0.945515732,4.561907496
1130,1.14629839,4.817053041
1131,0.936482781,5.251285557
1132,1.110855526,5.019860556
1133,1.053565375,5.138871471
1134,1.063014581,5.215457794
1135,1.077032961,4.963869458
1136,1.127386358,4.561797891
1137,0.768114575,4.960544325
1138,0.654217089,4.738354145
1139,0.875214259,4.740042194
1140,0.926282894,4.924124288
1141,1.343502884,4.612808255
1142,1.264515718,4.51929198
1143,1.697056275,5.432678897
1144,1.699117418,5.8457677
1145,2.022622061,6.008493988
1146,1.083974169,4.117280656
1147,1.273184983,3.934208942
1148,1.320605922,4.488540966
1149,1.294604187,4.384176091
1150,1.298845641,4.158845994
1151,1.195826074,3.877886022
1152,0.554977477,3.926576117
1153,0.667083203,3.474766179
1154,0.667832314,3.69459064
1155,1.292671652,3.921479313
1156,1.179830496,6.085556671
1157,1.158878768,6.156297589
1158,1.066302021,5.033984505
1159,1.350185172,6.07461933
1160,1.380579588,6.157596934
1161,1,5.416456406
1162,0.96695398,5.994831107
1163,1.220655562,7.211934553
1164,1.011928851,6.314269554
1165,1.161034022,6.556370947
1166,0.995991968,4.398295124
1167,1.424780685,4.388507719
1168,0.937016542,3.928994782
1169,0.877496439,4.383377693
1170,0.690651866,3.848636122
1171,0.904433524,4.790615827
1172,0.504975247,4.960443529
1173,1.082589488,5.813432721
1174,0.80684571,4.758150901
1175,0.576194412,4.980762994
1176,0.744311763,4.431816783
1177,0.950789146,4.016466108
1178,1.081665383,4.344191524
1179,0.995489829,4.306971093
1180,0.768114575,4.385430424
1181,1.033440855,6.461037068
1182,1.00448992,5.796723212
1183,1.114450537,5.96724392
1184,0.705691151,5.076908508
1185,0.752994024,4.628606702
1186,0.80746517,4.067923303
1187,0.992975327,4.39886349
1188,0.746324326,3.615798667
1189,0.95760117,4.343731115
1190,0.976729236,4.302324953
1191,0.93059121,5.021553544
1192,0.71484264,4.766130506
1193,0.840238062,4.759306672
1194,0.966436754,4.722499338
1195,0.641872261,4.026909485
1196,0.594978991,5.150242713
1197,0.920869155,5.258802145
1198,1.046900186,5.82589049
1199,0.871206061,4.666476187
1200,1.012916581,5.839349279
1201,1.333791588,3.933700548
1202,1.241370211,3.747132237
1203,1.213672114,3.93433603
1204,1.190798052,3.586084215
1205,0.938616002,3.890886788
1206,0.949210198,3.74553067
1207,1.086278049,4.214380144
1208,1.00697567,4.065464303
1209,1.069579357,3.606660505
1210,0.854400375,3.728270376
1211,0.848528137,3.920459157
1212,1.186170308,4.359243054
1213,1.090871211,4.375957038
1214,1.402854233,4.959233812
1215,1.323253566,3.747932764
1216,1.045944549,3.687411016
1217,1.038749248,3.748599739
1218,1.335290231,3.172538416
1219,1.070980859,3.129856227
1220,1.122497216,2.977582912
1221,1.02859127,3.763376144
1222,0.931128348,3.458178711
1223,0.95289034,3.629049462
1224,0.92141196,3.712815643
1225,0.834865259,3.57687014
1226,0.619677335,3.630426972
1227,0.916515139,3.921096785
1228,0.837257428,4.182702476
1229,0.814861951,4.049320931
1230,0.814861951,3.95866139
1231,0.860232527,4.089254211
1232,0.728010989,3.697296309
1233,0.847348807,3.821125489
1234,0.796868873,4.01497198
1235,1.368941197,4.517410763
1236,0.786765531,5.111653353
1237,1.144989083,5.165268628
1238,1.1296017,4.666154734
1239,1.014396372,4.896529383
1240,1.107248843,4.499333284
1241,0.98386991,5.869156669
1242,1.222701926,5.219961686
1243,0.937549999,5.188641441
1244,0.933273808,5.00649578
1245,0.958123165,4.993295505
1246,1.005484958,4.338087136
1247,0.629285309,3.785630727
1248,0.872926114,3.861346915
1249,0.798749022,3.239444397
1250,0.986407624,3.551196981
1251,1.164903429,3.648972458
1252,0.483735465,4.309872388
1253,1.136661779,4.329087664
1254,1.130044247,4.516857315
1255,0,0
1256,0.798749022,4.28905584
1257,0.846758525,3.248384214
1258,0.610737259,4.264504661
1259,0.745654075,3.943855981
1260,0.768765244,4.299534859
1261,0.892188321,4.135093711
1262,0.558569602,3.642389326
1263,0.855569985,3.758989226
1264,0.688476579,3.713084971
1265,0.979285454,3.714969717
1266,0.789936706,3.330015015
1267,0.82825117,3.736709783
1268,0.756306816,3.519232871
1269,0.423083916,3.794074327
1270,0.698569968,3.653628334
1271,0.735527022,3.488266045
1272,0.875214259,3.437877252
1273,0.673052747,3.277041349
1274,0.662570751,3.186063402
1275,0.784219357,3.407491746
1276,1.218195387,3.465977496
1277,1.189537725,2.893786447
1278,1.049761878,3.407638478
1279,0.935948717,2.986302061
1280,0.860232527,3.1202564
1281,0.79246451,3.445721985
1282,0.569209979,3.052048492
1283,0.605805249,3.69553785
1284,1.001498877,3.186377253
1285,0.672309453,2.68533052
1286,0.474341649,3.684019544
1287,0.664830806,3.053850029
1288,0.754320887,3.483819743
1289,0.553172667,2.681790447
1290,0.513809303,2.96664794
1291,1.906043022,7.906073615
1292,1.46116392,6.414592738
1293,1.947562579,8.158676363
1294,1.915202339,7.948962196
1295,1.914418972,7.595130019
1296,1.846618531,7.043507649
1297,1.180677771,5.877499468
1298,1.755847374,6.693653711
1299,1.724528921,6.888904122
1300,1.707922715,7.270488292
1301,1.789413312,7.020398849
1302,1.703525756,6.989205963
1303,1.704406055,7.104364855
1304,1.703525756,7.269456651
1305,1.725688268,6.798602798
1306,1.440138882,9.162041257
1307,1.461848145,8.957566634
1308,1.340895223,8.888194417
1309,1.530359435,8.901292041
1310,1.480878118,9.225941686
1311,1.698234377,9.543479449
1312,1.674813422,9.030337757
1313,1.717556404,10.35731625
1314,1.733781993,8.551608036
1315,1.337908816,7.720297922
1316,1.718138528,7.473151945
1317,1.044988038,5.316013544
1318,1.61245155,6.676600932
1319,1.591540135,7.012346255
1320,1.245391505,5.602053195
1321,1.466628787,6.120130718
1322,1.469353599,6.209750398
1323,1.471054044,6.192172478
1324,1.379130161,5.784116181
1325,1.467310465,5.871711846
1326,1.440138882,5.885235764
1327,1.188696765,5.511261199
1328,1.46628783,6.878589972
1329,1.336038922,6.241313964
1330,1.487951612,6.693504314
1331,1.40605832,8.314685803
1332,1.366382084,8.029632619
1333,1.166190379,7.586698887
1334,1.406769349,7.956318244
1335,1.526761278,8.291622278
1336,1.526106156,6.431562796
1337,1.351295675,6.681841064
1338,1.46355731,6.56635363
1339,1.486606875,6.055823643
1340,1.555634919,6.505997233
1341,1.514925741,6.677873913
1342,1.540779024,6.714536469
1343,1.395349419,6.578145635
1344,1.642254548,6.72063985
1345,1.674216235,6.687301399
1346,1.449827576,5.336759316
1347,1.579873413,5.584621742
1348,1.570986951,5.604462508
1349,1.436314729,5.402499422
1350,1.517893277,5.589633262
1351,1.576388277,5.107249749
1352,1.581771159,5.876989025
1353,1.55980768,5.729834204
1354,1.720465053,5.772174634
1355,1.600624878,5.933211609
1356,1.111305539,8.408685985
1357,1.175159564,8.238082301
1358,1.426884719,7.991620612
1359,1.467991826,6.334903314
1360,1.481890684,8.094380767
1361,1.422322045,5.408974025
1362,1.476143624,5.349205548
1363,1.447411483,5.65128304
1364,1.366382084,5.651371515
1365,1.3978555,5.56596802
1366,1.291123542,5.610436703
1367,1.220655562,6.26011182
1368,1.192476415,5.523585792
1369,1.325518766,6.454378359
1370,1.354621718,6.276145314
1371,1.481890684,6.115472181
1372,1.094531863,5.333104162
1373,1.53785565,6.146381049
1374,1.427235089,6.029179049
1375,1.364184738,5.513710185
1376,1.534926708,5.362182392
1377,1.418802312,5.175422688
1378,1.570986951,5.157518783
1379,1.41562707,5.367681064
1380,1.639817063,5.274561593
1381,1.36821051,6.696342285
1382,1.301921657,6.900362309
1383,1.347961424,6.878153822
1384,1.305756486,6.96491206
1385,1.37113092,5.43948527
1386,1.111755369,6.685506712
1387,1.191217864,6.719300559
1388,0.991463565,6.554082697
1389,1.438401891,7.69070868
1390,1.20913192,7.389181281
1391,1.414920492,6.818357573
1392,1.413152504,7.846973939
1393,1.497664849,8.371857619
1394,1.433178286,8.655980591
1395,1.491643389,8.516865621
1396,1.508641773,7.564919035
1397,1.18448301,6.782551142
1398,1.106797181,6.823855215
1399,1.447756886,8.439253521
1400,1.382750881,6.786309748
1401,1.451895313,6.100163932
1402,1.587450787,6.18902254
1403,1.471733672,5.848076607
1404,1.553383404,5.705611273
1405,1.494322589,5.739512174
1406,1.668831927,5.70876519
1407,1.64195006,5.639769499
1408,1.728872465,5.8225424
1409,1.5795569,5.004897601
1410,1.578606981,5.466077204
1411,1.25499004,5.114782498
1412,1.237335848,5.170493207
1413,1.220655562,5.302263668
1414,1.346848173,5.529737788
1415,1.400357097,5.780051903
1416,1.425482374,6.068525356
1417,1.351295675,6.105653118
1418,1.32476413,6.029593684
1419,1.31833228,5.553017198
1420,1.308434179,5.769402049
1421,1.529051994,4.965078046
1422,1.431083506,5.315072906
1423,1.380941708,6.568789843
1424,1.393915349,5.872563324
1425,1.356465997,5.989073384
1426,1.294604187,5.872307894
1427,1.398928161,5.988572451
1428,1.323631369,5.652079263
1429,1.418802312,6.236665776
1430,1.316434579,5.78230058
1431,1.447411483,6.244757802
1432,1.450172404,6.67757441
1433,1.42933551,6.014066844
1434,1.368941197,6.049049512
1435,1.405702671,6.254438424
1436,1.353883304,7.140728254
1437,1.203328717,6.501076834
1438,1.051665346,5.722324702
1439,1.37658999,7.181295148
1440,1.381665661,6.955141983
1441,1.558845727,5.744910791
1442,1.366747965,5.383307533
1443,1.567801008,6.493843238
1444,1.422322045,5.440036765
1445,1.632482772,6.406246951
1446,1.284133949,5.982975848
1447,1.236122971,5.70876519
1448,1.243382483,5.67177221
1449,1.295376393,5.533895554
1450,1.365283853,5.702630972
1451,1.436314729,7.542214529
1452,1.467651185,5.827091899
1453,1.473770674,7.026165384
1454,1.411027994,7.493463819
1455,1.611831257,7.600131578
1456,1.363451503,6.056566684
1457,1.268857754,4.865799009
1458,1.330037593,5.504089389
1459,1.419859148,6.222620027
1460,1.232071427,4.605865825
1461,1.457737974,6.277180896
1462,1.366382084,5.388320703
1463,1.409609875,5.77087515
1464,1.418449858,5.976704778
1465,1.52577849,5.534708664
1466,1.20124935,7.929123533
1467,1.2292274,8.795282827
1468,1.146734494,8.28583128
1469,0.951840323,7.957260835
1470,1.185326959,8.604591797
1471,1.334915728,6.260431295
1472,1.321741276,7.124184164
1473,1.409255122,5.660477012
1474,1.45223965,7.194025299
1475,1.294604187,6.607117374
1476,1.28996124,3.821910517
1477,0.924121204,3.999499969
1478,1.09270307,3.554715178
1479,1.253794241,4.023928429
1480,1.28724512,4.947221442
1481,1.573213272,7.765114294
1482,1.617096163,8.023465585
1483,1.553061493,7.997687166
1484,1.57130519,8.02383948
1485,1.486606875,7.714726178
1486,1.237335848,5.170203091
1487,1.300769003,5.338070813
1488,1.118033989,5.674680608
1489,1.085817664,5.272855014
1490,0.921954446,5.121035052
1491,1.441873781,6.875172725
1492,1.427935573,5.848589574
1493,1.407124728,6.609992436
1494,1.352774926,6.322024992
1495,1.411382301,6.565744436
1496,1.349073756,5.810335619
1497,1.387083271,5.927731438
1498,1.466969666,5.649424749
1499,1.352405265,5.600892786
1500,1.236931688,4.959435452
1501,1.202497401,5.819621981
1502,1.252597302,6.002915958
1503,1.286079313,5.831466368
1504,1.132254388,5.847136051
1505,1.185326959,6.059372905
1506,2.000499938,9.657069949
1507,1.805547009,9.14319419
1508,1.851755923,8.768808357
1509,1.713767779,9.616444249
1510,2.010472581,9.736631861
1511,1.46867287,7.227931931
1512,1.453960109,7.370006784
1513,1.401427843,7.645652359
1514,1.610900369,7.558372841
1515,1.458766602,7.604472368
1516,1.566843962,7.877245712
1517,1.559487095,7.692463845
1518,1.569394788,7.707074672
1519,1.598749511,7.976402698
1520,1.482902559,7.796473562
1521,1.711432149,8.4193824
1522,1.731184566,8.4721898
1523,1.772286659,8.451331256
1524,1.662227421,8.215594927
1525,1.682557577,8.557978733
1526,1.794157184,8.507819932
1527,1.794993036,8.561717117
1528,1.673021219,7.723923873
1529,1.57765649,8.435223767
1530,1.703525756,8.004248872
1531,1.632176461,7.060807319
1532,1.358307771,7.358328615
1533,1.499333185,7.206802342
1534,1.434224529,7.289855966
1535,1.618641406,6.964337729
1536,1.696172161,8.008870083
1537,1.337908816,7.37733014
1538,1.540454478,7.863841301
1539,1.649545392,7.725542052
1540,1.7,7.93687596
1541,1.630950643,8.669256023
1542,1.791926338,8.810107831
1543,1.828387268,8.839230736
1544,1.581771159,8.857595611
1545,1.758976975,8.381586962
1546,1.537530488,9.120964861
1547,1.63431943,8.492055111
1548,1.610900369,8.746256342
1549,1.590597372,9.020587564
1550,1.595932329,8.79397521
1551,1.691744662,8.154691901
1552,1.541427909,8.38635797
1553,1.581455026,7.832560246
1554,1.537530488,7.904112853
1555,1.64408029,8.150030675
1556,1.545962483,8.400773774
1557,1.732339459,8.35422049
1558,1.726557268,8.333606662
1559,1.502997006,8.462860037
1560,1.599687469,8.516219819
1561,1.820714146,6.486524493
1562,1.835755975,6.430785333
1563,1.919895831,6.645900992
1564,1.793042108,6.450426342
1565,1.651363073,6.701119309
1566,1.350925609,7.45741242
1567,1.589024858,7.527283707
1568,1.92145778,7.360095108
1569,1.590282994,7.65702292
1570,1.579873413,7.574694713
1571,1.497664849,7.041093665
1572,1.481890684,7.056557234
1573,1.640731544,7.027588491
1574,1.342758355,7.206871721
1575,1.378042089,7.063851641
1576,1.803052966,7.211102551
1577,1.440833092,7.017691928
1578,1.495994652,7.287386363
1579,1.587765726,7.674633542
1580,1.475804865,7.017193171
1581,1.624499923,5.585069382
1582,1.627267649,5.618540736
1583,1.56971335,5.671684053
1584,1.554991961,5.536063583
1585,1.605926524,5.80284413
1586,1.707337108,8.494880811
1587,1.702351315,8.123299822
1588,1.654388104,8.412371842
1589,1.827019431,7.992809268
1590,1.72800463,8.519624405
1591,1.297304899,7.766015709
1592,1.607482504,7.756481161
1593,1.514595656,7.685310664
1594,1.539480432,7.550099337
1595,1.42933551,7.389654931
1596,1.376226726,6.72287141
1597,1.405702671,7.166519378
1598,1.430734077,6.897245827
1599,1.533949152,7.163797875
1600,1.631257184,7.031002773
1601,1.652876281,9.05185064
1602,1.532970972,8.927597661
1603,1.661926593,8.940973101
1604,1.584297952,9.090324527
1605,1.90446843,8.970172797
1606,1.548870556,9.006109038
1607,1.542400726,8.869329174
1608,1.553061493,8.709477596
1609,1.494991639,8.955612765
1610,1.589024858,8.413738765
1611,1.53622915,8.391126265
1612,1.445337331,8.399523796
1613,1.4862705,8.196889654
1614,1.467310465,8.084862398
1615,1.58965405,8.527895403
1616,1.678094157,7.43834659
1617,1.606549097,7.332598448
1618,1.679880948,7.194233802
1619,1.439791652,7.105842666
1620,1.676305461,7.210547829
1621,1.275539102,6.781961368
1622,1.588710169,7.693633732
1623,1.725398505,7.856589591
1624,1.550483795,7.653038612
1625,1.707629936,7.696492708
1626,1.770028248,8.354340189
1627,1.588710169,7.542678569
1628,1.615858905,7.708955831
1629,1.368941197,7.848694159
1630,1.56588633,7.766530757
1631,1.648332491,5.919797294
1632,1.706458321,6.187244944
1633,1.616477652,6.349724403
1634,1.526106156,6.054254702
1635,1.589968553,5.884725992
1636,1.756132113,6.934046438
1637,1.42583309,6.626990267
1638,1.550483795,7.971072701
1639,1.753852901,7.597828637
1640,1.496662955,6.293727036
1641,1.614001239,7.731688043
1642,1.337535046,8.554297166
1643,1.456708619,9.470533248
1644,1.282965315,8.471835692
1645,1.593737745,8.389815254
1646,1.606549097,8.409221129
1647,1.671526249,8.400595217
1648,1.748141871,7.914543575
1649,1.301153335,6.792054181
1650,1.705872211,8.154814529
1651,1.587135785,5.340505594
1652,1.583666632,5.499272679
1653,1.570986951,5.647388777
1654,1.52282632,5.724421368
1655,1.674813422,5.70972854
1656,1.234503949,7.418018603
1657,1.532970972,7.928366793
1658,1.628189178,8.059466484
1659,1.481553239,7.835113273
1660,1.410319113,8.188345376
1661,1.594678651,7.008066781
1662,1.298845641,7.097746121
1663,1.388164255,7.069016905
1664,1.533623161,7.252585746
1665,1.344247001,7.000214282
1666,1.478850905,6.777315103
1667,1.383473888,6.646653293
1668,1.394632568,6.390461642
1669,1.594992163,6.814323151
1670,1.408545349,6.738249031
1671,1.658613879,7.17237757
1672,1.438749457,7.199305522
1673,1.356097342,7.092813264
1674,1.540779024,6.742032335
1675,1.47817455,6.658678548
1676,1.498666074,5.331791444
1677,1.577022511,5.31714209
1678,1.509966887,5.485161803
1679,1.57765649,5.428627819
1680,1.624499923,5.45380601
1681,1.646207763,7.971198153
1682,1.327026752,8.246393151
1683,1.551128621,7.572251977
1684,1.64195006,7.564786844
1685,1.557883179,8.268071117
1686,1.435270009,8.133387978
1687,1.613381542,8.048291744
1688,1.49231364,8.261961026
1689,1.699117418,7.904365882
1690,1.436314729,7.793009688
1691,1.833575742,8.309693135
1692,1.555956298,8.140085995
1693,1.693221781,8.198292505
1694,1.502997006,7.491662032
1695,1.543696861,8.356015797
1696,1.542400726,4.922905646
1697,1.347590442,4.890398757
1698,1.404279175,5.038849075
1699,1.482565344,4.698829642
1700,1.529051994,4.772106453
1701,1.406413879,5.297829744
1702,1.52577849,5.22082369
1703,1.488287607,5.165462225
1704,1.46867287,5.423190943
1705,1.456365339,5.315261047
1706,1.37658999,5.171363457
1707,1.469013274,5.034183151
1708,1.420915198,4.876781726
1709,1.448102206,4.96165295
1710,1.413859965,5.005097402
1711,1.446029045,8.056798372
1712,1.517563837,7.820166239
1713,1.461848145,7.898607472
1714,1.498666074,8.419323013
1715,1.531339283,8.778040784
1716,1.542724862,7.687522358
1717,1.453960109,7.537572554
1718,1.42267354,7.662245102
1719,1.4,7.577466595
1720,1.526433752,7.64342855
1721,1.566205606,7.779588678
1722,1.483576759,8.22088803
1723,1.608104474,7.860343504
1724,1.631563667,7.99574887
1725,1.653783541,8.129637138
1726,1.592482339,7.944809626
1727,1.68136849,9.201249915
1728,1.56172981,7.852770212
1729,1.576388277,9.203586258
1730,1.714059509,9.410738547
1731,1.527416119,7.904492394
1732,1.431432849,7.829878671
1733,1.412090649,7.234569787
1734,1.653783541,8.016295903
1735,1.385640646,7.724118073
1736,1.522169504,5.719615372
1737,1.42407865,5.479689772
1738,1.596245595,5.139941634
1739,1.398213145,5.484250177
1740,1.419506957,5.448577796
1741,1.538505769,8.506938345
1742,1.95192213,9.77123329
1743,1.82428068,9.222743626
1744,1.897893569,9.452988945
1745,1.728583235,9.271245871
1746,1.572895419,6.92690407
1747,1.60530371,5.936076145
1748,1.517234326,5.517426937
1749,1.695582496,7.085336972
1750,1.859569843,7.256583218
1751,1.23004065,7.550298007
1752,1.42933551,8.390172823
1753,1.421618796,8.279492738
1754,1.428635713,8.119174835
1755,1.609968944,8.46173741
1756,1.52577849,7.241546796
1757,1.450861813,7.155697031
1758,1.442567156,7.470676007
1759,1.570350279,7.638455341
1760,1.482565344,7.244308111
1761,1.596558799,7.903796556
1762,1.462190138,7.260371891
1763,1.498332406,7.734856172
1764,1.282185634,8.04332021
1765,1.49966663,7.866574858
1766,1.700588134,6.48906773
1767,1.504991694,5.714980315
1768,1.62788206,5.753433757
1769,1.278280095,5.142178527
1770,1.621727474,5.052820994
1771,1.397497764,7.523363609
1772,1.497998665,7.470341358
1773,1.465264481,7.336824926
1774,1.518881167,6.72941305
1775,1.647118696,8.079789601
1776,1.670628624,7.548774735
1777,1.678392088,7.633282387
1778,1.695287586,8.090920838
1779,1.68849045,7.738539914
1780,1.734358671,8.169822519
1781,1.490637448,6.482977711
1782,1.608415369,6.61180762
1783,1.401071019,6.595301358
1784,1.355359731,6.563078546
1785,1.395349419,6.610068078
1786,1.212847888,7.635378183
1787,1.295376393,6.822682757
1788,1.535903643,6.891226306
1789,1.238547536,7.274682124
1790,1.347961424,7.077075667
1791,1.516245363,7.743836259
1792,1.512283042,8.059094242
1793,1.687009188,7.91568064
1794,1.517563837,7.926096139
1795,1.426534262,8.08275943
1796,1.680773631,5.633205127
1797,1.812732744,6.044501634
1798,1.607793519,5.831637849
1799,1.481215717,5.87511702
1800,1.659819267,5.209894433
1801,1.529378959,7.796345298
1802,1.554027027,7.830006386
1803,1.398570699,7.58340293
1804,1.58113883,7.357649081
1805,1.663430191,7.439690854
1806,1.812181006,7.881306998
1807,1.47478812,7.667333304
1808,1.654388104,7.033917827
1809,1.492648653,7.942795478
1810,1.433875866,7.835177088
1811,1.634625339,7.27619406
1812,1.625115381,7.614525593
1813,1.475804865,7.420916385
1814,1.479864859,6.951546591
1815,1.6486358,7.368514097
1816,1.277888884,7.622073209
1817,1.297690256,7.77913877
1818,1.317952958,7.600065789
1819,1.327780102,7.276537638
1820,1.161895004,7.594405836
1821,1.271219887,7.843914839
1822,1.637375949,7.997374569
1823,1.597498044,7.370278149
1824,1.649848478,8.435816499
1825,1.958060265,8.329465769
1826,1.348703081,6.269369984
1827,1.413506279,5.90999154
1828,1.480202689,6.104096985
1829,1.329285522,6.627593832
1830,1.29305839,6.153698075
1831,1.642558979,7.270213202
1832,1.313011805,6.596893208
1833,1.653783541,7.12130606
1834,1.492648653,7.225302762
1835,1.392479802,7.314642848
1836,1.364184738,6.871535491
1837,1.322875656,5.809044672
1838,1.404279175,6.819457456
1839,1.431432849,7.205553414
1840,1.27514705,7.121867733
1841,1.497664849,7.041093665
1842,1.481890684,7.056557234
1843,1.640731544,7.027588491
1844,1.342758355,7.206871721
1845,1.378042089,7.063851641
1846,1.371860051,5.77321401
1847,1.662828915,5.908891605
1848,1.437706507,5.82125416
1849,1.566843962,5.863787172
1850,1.558845727,5.706750389
1851,1.168332145,7.096689369
1852,1.531012737,7.216439565
1853,1.478850905,7.290267485
1854,1.479188967,7.553806987
1855,1.360514609,7.3518025
1856,1.264515718,6.106390096
1857,1.301921657,5.963639828
1858,1.307287268,6.042681524
1859,1.371860051,5.788782255
1860,1.382027496,5.889567047
1861,1.56332978,5.491447897
1862,1.616786937,5.513982227
1863,1.50797878,5.789473206
1864,1.471054044,5.644111976
1865,1.600624878,6.069925864
1866,1.417744688,7.443722187
1867,1.425482374,6.711482698
1868,1.323631369,7.292393297
1869,1.380217374,7.310471941
1870,1.426534262,7.059532562
1871,1.62265215,7.019330452
1872,1.413859965,6.807789656
1873,1.545639026,7.2547226
1874,1.401071019,6.111219191
1875,1.434224529,6.74707344
1876,1.312630946,5.261558704
1877,1.683448841,5.603927194
1878,1.301153335,5.459578738
1879,1.595932329,5.242327727
1880,1.588080602,5.494997725
1881,1.382389236,5.141011574
1882,1.370036496,5.437462644
1883,1.5,5.372522685
1884,1.28724512,5.139747075
1885,1.531339283,5.149757276
1886,1.334915728,7.215261603
1887,1.444991349,7.97659075
1888,1.538180744,8.480742892
1889,1.530686121,7.90272105
1890,1.398928161,8.243057685
1891,1.494991639,7.830261809
1892,1.528724959,7.219487516
1893,1.457051818,7.408643601
1894,1.530359435,7.209091482
1895,1.368575902,7.514918496
1896,1.635542723,6.850182479
1897,1.330037593,6.945070194
1898,1.38491877,6.682215202
1899,1.36381817,6.909052033
1900,1.420915198,6.464286504
1901,1.5,7.440833287
1902,1.6,7.982731362
1903,1.493318452,8.562885028
1904,1.504991694,8.295721789
1905,1.465605677,8.638286867
1906,1.230853363,7.552747844
1907,1.50465943,7.054218596
1908,1.447756886,7.40364775
1909,1.456365339,7.481443711
1910,1.576388277,7.444595355
1911,1.344618905,7.867337542
1912,1.329661611,7.959271323
1913,1.351665639,7.460697018
1914,1.234503949,7.521901355
1915,1.46355731,7.707074672
1916,1.473770674,6.624877357
1917,1.308434179,6.167252224
1918,1.473431369,6.854049898
1919,1.495326051,7.053297101
1920,1.147170432,6.011073116
1921,1.675410397,6.51904901
1922,1.523482852,6.209428315
1923,1.552739515,6.566810489
1924,1.456021978,6.40351466
1925,1.454303957,7.132811507
1926,1.280234354,5.720751699
1927,1.388164255,5.954326158
1928,1.341268057,5.786881716
1929,1.366016105,5.594819032
1930,1.298075499,5.680228869
1931,1.548870556,5.752216964
1932,1.449482666,5.697631087
1933,1.546932448,5.963052909
1934,1.408190328,5.893810313
1935,1.456708619,5.924018906
1936,1.441180072,5.957684114
1937,1.410673598,4.509545432
1938,1.320227253,5.463606867
1939,1.417744688,5.523133169
1940,1.434224529,5.390640036
1941,1.355728586,4.840144626
1942,1.252597302,4.824520702
1943,1.263328936,4.932950436
1944,1.345734,4.882724649
1945,1.272792206,4.865490726
1946,1.447756886,7.11667057
1947,1.56588633,7.623253898
1948,1.619876539,7.611701518
1949,1.458080931,7.42219644
1950,1.416333294,7.778945944
1951,1.300384559,6.636866731
1952,1.283744523,7.252930442
1953,1.343502884,7.019900284
1954,1.430734077,6.470085007
1955,1.40605832,6.858789981
1956,1.337535046,7.526951574
1957,1.395349419,7.585776163
1958,1.519210321,7.547118655
1959,1.312249976,7.070997101
1960,1.311106403,7.590191038
1961,1.359043781,6.037549172
1962,1.330037593,6.742922215
1963,1.460821687,6.750925862
1964,1.51095996,6.230329044
1965,1.258967831,6.280286618
1966,1.542076522,6.105407439
1967,1.440138882,5.840205476
1968,1.32740348,5.203268204
1969,1.503329638,5.642871609
1970,1.473431369,5.936413058
1971,1.509966887,6.38474745
1972,1.28724512,6.540030581
1973,1.569076161,6.410304205
1974,1.235718415,6.228402684
1975,1.341640786,6.466451886
1976,1.376226726,5.57270132
1977,1.455335013,5.661625208
1978,1.391042774,5.628054726
1979,1.42407865,5.600267851
1980,1.407835218,5.097057975
1981,1.354990775,5.339381987
1982,1.28724512,5.323438738
1983,1.284133949,5.267637041
1984,1.263328936,5.399259208
1985,1.355728586,5.48251767
1986,1.641036258,7.740348829
1987,1.399285532,7.790827941
1988,1.516245363,7.815497425
1989,1.471054044,7.718225185
1990,1.49231364,7.736084281
1991,1.391042774,5.998416458
1992,1.294217911,5.881411395
1993,1.271613149,5.384421975
1994,1.29614814,5.62441108
1995,1.312249976,5.646768988
1996,1.327026752,5.306222762
1997,1.283744523,5.311685232
1998,1.347590442,5.218045611
1999,1.298460627,5.308107007
2000,1.448102206,5.342845684
2001,1.342385936,5.33404162
2002,1.488623525,5.40212921
2003,1.393197761,5.300943312
2004,1.258570618,5.156161363
2005,1.536554587,5.278920344
2006,1.602810032,7.685766065
2007,1.605926524,8.12483846
2008,1.588395417,7.441908357
2009,1.423024947,7.644278906
2010,1.38491877,7.443990865
2011,1.535252422,7.384036836
2012,1.431782106,6.681766234
2013,1.544344521,7.015625418
2014,1.373317152,7.492462879
2015,1.515255754,7.516980777
2016,1.489295135,6.808156872
2017,1.496328841,7.497132785
2018,1.311487705,7.042584753
2019,1.658613879,7.408778577
2020,1.566843962,7.089781379
2021,1.406769349,5.965819307
2022,1.33078924,5.974612958
2023,1.294990347,5.825633013
2024,1.225153052,5.752390807
2025,1.286856635,5.778321556
2026,1.446029045,7.24727535
2027,1.301537552,7.601184118
2028,1.249799984,6.965342777
2029,1.595619002,7.592759709
2030,1.460821687,7.389181281
2031,1.415980226,5.145677798
2032,1.546932448,5.066655702
2033,1.408545349,5.042420054
2034,1.39140217,5.322687291
2035,1.460821687,5.518333082
2036,1.244186481,5.110772936
2037,1.259761882,5.137314474
2038,1.379855065,5.036963371
2039,1.462190138,4.538722287
2040,1.19749739,4.858806438
2041,1.313773192,5.255568475
2042,1.383112432,5.182663408
2043,1.293831519,5.220344816
2044,1.334915728,5.136827815
2045,1.347219359,5.194516339
2046,1.472752525,6.31197275
2047,1.36784502,6.602726709
2048,1.450861813,6.139625396
2049,1.356834551,6.091633607
2050,1.665232716,6.671656466
2051,1.357939616,5.930514312
2052,1.635542723,6.192656942
2053,1.432829369,6.004581584
2054,1.520197356,6.457398857
2055,1.31605471,5.483156026
2056,1.337908816,5.953990259
2057,1.370401401,5.70403366
2058,1.434921601,5.964562012
2059,1.309580085,5.669391502
2060,1.386722755,5.992829048
2061,1.642863354,6.71327044
2062,1.710555465,6.666033303
2063,1.786337034,6.610748823
2064,1.535903643,6.544539709
2065,1.589339485,6.607495743
2066,1.274362586,5.750652137
2067,1.387804021,5.673711307
2068,1.246194206,5.788091223
2069,1.315674732,6.023288139
2070,1.2509996,5.655705084
2071,1.341268057,6.519739259
2072,1.300384559,7.316488229
2073,1.327026752,5.954494101
2074,1.333041635,5.737856743
2075,1.282575534,5.764113115
2076,1.342385936,5.300188676
2077,1.214084017,5.035474158
2078,1.325518766,5.345465368
2079,1.261348485,5.456738953
2080,1.285690476,5.295186493
2081,1.573848786,7.032638196
2082,1.463898904,6.919826587
2083,1.594051442,7.240303861
2084,1.311487705,6.079884867
2085,1.496328841,7.238439058
2086,1.408545349,6.914622188
2087,1.267280553,6.868551521
2088,1.335290231,7.115757163
2089,1.263724654,6.9646249
2090,1.504327092,7.386609506
2091,1.781010949,5.706750389
2092,1.780449381,9.004554403
2093,1.475466028,5.628765406
2094,1.456708619,5.453897689
2095,1.181524439,5.537689049
2096,1.566843962,6.549580139
2097,1.717265268,6.745072275
2098,1.758976975,6.837324038
2099,1.760681686,6.718928486
2100,1.821812285,6.771041279
2101,1.669131511,5.19961537
2102,1.467651185,5.417933185
2103,1.309580085,5.236220011
2104,1.26015872,4.282172346
2105,1.515585695,4.890909936
2106,1.862793601,5.064780351
2107,1.535252422,4.782467982
2108,1.607793519,5.459945055
2109,1.62788206,5.183049296
2110,1.563649577,5.040436489
2111,1.90105234,5.167784825
2112,1.647118696,5.060335957
2113,1.517563837,5.884641026
2114,1.689674525,4.886921321
2115,1.689674525,5.456189146
2116,1.914157778,5.906352512
2117,1.953714411,5.117030389
2118,1.836845121,5.572970483
2119,1.916246331,6.209428315
2120,1.881223006,5.705436004
2121,1.712600362,6.659954955
2122,1.874033084,7.458552138
2123,2.132604042,7.417614172
2124,2.173936522,7.067460647
2125,1.758692696,7.249275826
2126,1.861451047,6.869425012
2127,1.801110768,7.178439942
2128,1.597498044,6.639201759
2129,1.857417562,7.120674125
2130,1.979141228,7.222464953
2131,2.049634114,7.427516409
2132,1.998749609,6.990779642
2133,2.001749235,6.854852296
2134,1.870828693,6.505612961
2135,1.927174097,6.783583124
2136,1.843637708,7.35717337
2137,1.870294095,7.085548673
2138,1.281015222,5.332822892
2139,1.689082591,5.653936682
2140,1.659216683,7.258167813
2141,1.5601282,6.053924347
2142,2.018662924,7.148985942
2143,1.789133869,6.980472763
2144,1.675410397,7.230698445
2145,1.951665955,7.331166346
2146,1.406413879,6.491224846
2147,1.174308307,5.711742291
2148,1.477159436,8.307887818
2149,1.525450753,7.80320447
2150,1.123387734,6.310467495
2151,1.930543965,9.506366288
2152,1.26015872,7.028371077
2153,1.434224529,6.873063364
2154,1.471393897,6.091387362
2155,1.875633226,6.702387634
2156,1.780168531,8.419263626
2157,1.704406055,9.109720084
2158,1.661926593,8.739965675
2159,1.678094157,8.862223197
2160,1.744706279,7.703375883
2161,1.357203006,6.335850377
2162,1.589024858,6.7
2163,1.64468842,6.836300169
2164,1.237739876,5.266497888
2165,1.609347694,6.12992659
2166,1.662828915,6.725399616
2167,1.670628624,6.53750717
2168,1.772004515,6.823635395
2169,1.556920036,6.712972516
2170,1.451895313,6.228242128
2171,1.898420396,9.325180963
2172,1.898420396,9.392443771
2173,1.776513439,9.126992933
2174,1.886531208,8.675425062
2175,1.742125139,7.320519107
2176,1.510297984,6.574496178
2177,1.623268308,8.026767718
2178,1.598749511,7.302670744
2179,1.599687469,7.045211139
2180,1.523811012,7.004712699
